,NAICS_Code,NAICS,Jan,Feb,Mar,Apr,May,Jun,Jul,Aug,Sep,Oct,Nov,Dec,Total,Year
0,441,Motor vehicle and parts dealers,33478,33817,33336,33776,34357,34781,35199,34585,35890,35972,35928,36272,417391,1992
1,442,Furniture and home furnishings stores,4254,4342,4330,4359,4331,4401,4368,4372,4345,4299,4368,4428,52197,1992
2,443,Electronics and appliance stores,3874,3904,3916,3958,3981,3992,4081,4048,4098,4186,4118,4248,48404,1992
3,444,Building mat. and garden equip. and supplies dealers,10845,10904,10986,10738,10777,10790,10785,10915,10980,10971,10873,11082,130646,1992
4,445,Food and beverage stores,30437,30382,30526,30602,30718,30761,30963,31041,30942,31148,30992,31057,369569,1992
5,446,Health and personal care stores,7421,7425,7443,7516,7458,7417,7292,7508,7420,7535,7497,7526,89458,1992
6,447,Gasoline stations,12803,12601,12639,12710,12870,12886,12966,13092,13246,13304,13358,13475,155950,1992
7,448,Clothing and clothing access. stores,9716,9712,9669,9862,9755,9915,9957,10141,10154,10174,10076,10318,119449,1992
8,451,"Sporting goods, hobby, musical instrument, and book stores",3385,3516,3482,3535,3512,3549,3586,3512,3566,3607,3626,3800,42676,1992
9,722,Food services and drinking places,17170,16990,16916,16677,16602,16277,16496,16733,16812,17104,17420,17491,202688,1992
0,441,Motor vehicle and parts dealers,37621,36723,35955,38521,39006,38892,40290,40504,40203,40857,42077,42796,473445,1993
1,442,Furniture and home furnishings stores,4637,4507,4463,4564,4642,4609,4640,4645,4640,4663,4693,4693,55396,1993
2,443,Electronics and appliance stores,4395,4343,4383,4460,4485,4567,4642,4667,4729,4710,4741,4794,54916,1993
3,444,Building mat. and garden equip. and supplies dealers,11333,11410,11184,11417,11720,11669,11781,11875,11786,11908,12297,12583,140963,1993
4,445,Food and beverage stores,31045,31233,31058,31129,31164,31168,31349,31126,31201,31346,31363,31499,374681,1993
5,446,Health and personal care stores,7518,7651,7605,7683,7666,7680,7756,7678,7772,7758,7784,7989,92540,1993
6,447,Gasoline stations,13398,13596,13487,13539,13521,13461,13502,13372,13416,13755,13754,13627,162428,1993
7,448,Clothing and clothing access. stores,10581,10150,9916,10257,10386,10411,10593,10406,10549,10449,10475,10442,124615,1993
8,451,"Sporting goods, hobby, musical instrument, and book stores",3648,3585,3608,3749,3746,3702,3810,3804,3825,3817,3930,4018,45242,1993
9,722,Food services and drinking places,17553,17478,17554,17770,17821,18030,17927,18201,18515,18199,18153,18238,215439,1993
0,441,Motor vehicle and parts dealers,42660,43685,44475,45072,44098,44541,44477,45232,46314,47041,47203,46941,541739,1994
1,442,Furniture and home furnishings stores,4571,4775,4910,4916,4971,5018,5046,5165,5177,5260,5199,5254,60262,1994
2,443,Electronics and appliance stores,4837,4949,5052,5090,5185,5313,5330,5411,5508,5635,5753,5834,63897,1994
3,444,Building mat. and garden equip. and supplies dealers,12316,12233,12767,13076,13033,12987,13130,13224,13375,13550,13384,13981,157056,1994
4,445,Food and beverage stores,31468,31688,31700,31899,31858,32123,31964,32222,32401,32196,32370,32294,384183,1994
5,446,Health and personal care stores,7865,7729,7911,7838,7955,8014,8084,8126,8190,8214,8190,8287,96403,1994
6,447,Gasoline stations,13656,13875,13911,13867,13773,14059,14322,14685,14649,14709,14878,14885,171269,1994
7,448,Clothing and clothing access. stores,10450,10587,10806,10554,10451,10612,10672,10839,10674,11000,10983,10952,128580,1994
8,451,"Sporting goods, hobby, musical instrument, and book stores",3981,4095,4131,4035,4119,4135,4111,4249,4306,4347,4221,4255,49985,1994
9,722,Food services and drinking places,17624,18425,18813,18533,18600,18889,18962,18868,18978,19010,19028,19178,224908,1994
0,441,Motor vehicle and parts dealers,47224,45902,46681,47056,47718,49652,48832,49748,49188,49271,49863,50163,581298,1995
1,442,Furniture and home furnishings stores,5265,5081,5130,5181,5216,5217,5318,5304,5407,5429,5516,5445,63509,1995
2,443,Electronics and appliance stores,5892,5827,5849,5733,5956,6000,5965,6159,6141,6212,6263,6281,72278,1995
3,444,Building mat. and garden equip. and supplies dealers,13738,13613,13587,13415,13370,13548,13645,13683,13837,13932,14092,14683,165143,1995
4,445,Food and beverage stores,32625,32399,32415,32312,32540,32597,32466,32547,32625,32578,32744,32903,390751,1995
5,446,Health and personal care stores,8306,8304,8304,8450,8424,8482,8431,8488,8611,8584,8691,8761,101836,1995
6,447,Gasoline stations,14915,14963,14921,15021,15215,15333,15249,15227,15194,15007,14981,15246,181272,1995
7,448,Clothing and clothing access. stores,10939,10582,10850,10796,10976,10948,10824,10813,11198,10882,11269,11124,131201,1995
8,451,"Sporting goods, hobby, musical instrument, and book stores",4436,4298,4347,4345,4380,4421,4429,4462,4441,4414,4532,4505,53010,1995
9,722,Food services and drinking places,19160,18911,19234,19346,19450,19419,19489,19715,19640,19611,19609,19625,233209,1995
0,441,Motor vehicle and parts dealers,50349,52288,52348,51531,52200,51798,52004,51472,53184,53450,52710,52835,626169,1996
1,442,Furniture and home furnishings stores,5302,5346,5566,5595,5586,5678,5696,5655,5762,5779,5768,5746,67479,1996
2,443,Electronics and appliance stores,6191,6248,6365,6373,6428,6334,6234,6340,6438,6428,6356,6305,76040,1996
3,444,Building mat. and garden equip. and supplies dealers,14023,14036,14153,14340,14450,14902,14826,14981,14989,15040,15264,14980,175984,1996
4,445,Food and beverage stores,33085,32928,33076,33174,33178,33281,33470,33542,33494,33704,33734,33819,400485,1996
5,446,Health and personal care stores,8546,8782,8991,8922,9076,9072,9134,9237,9190,9363,9414,9505,109232,1996
6,447,Gasoline stations,15479,15457,15951,16252,16488,16352,16075,16066,16088,16360,16602,16759,193929,1996
7,448,Clothing and clothing access. stores,11105,11341,11376,11422,11504,11365,11316,11360,11534,11577,11318,11435,136653,1996
8,451,"Sporting goods, hobby, musical instrument, and book stores",4600,4485,4548,4628,4432,4609,4655,4738,4690,4769,4692,4940,55786,1996
9,722,Food services and drinking places,19564,19742,19862,19932,20094,19932,20145,20140,20397,20551,20789,20707,241855,1996
0,441,Motor vehicle and parts dealers,54010,54601,54233,53861,52191,54066,55255,55488,55334,54856,55314,55763,654972,1997
1,442,Furniture and home furnishings stores,5823,5847,5916,5968,6004,6034,6039,6146,6162,6154,6267,6290,72650,1997
2,443,Electronics and appliance stores,6128,6370,6360,6456,6400,6440,6525,6541,6559,6572,6628,6659,77638,1997
3,444,Building mat. and garden equip. and supplies dealers,15197,15561,15862,15709,15805,15918,15973,16027,16283,16232,16158,16356,191081,1997
4,445,Food and beverage stores,34049,33989,34156,34056,33978,33892,34106,34256,34281,34348,34230,34190,409531,1997
5,446,Health and personal care stores,9448,9649,9922,9578,9722,9916,9950,9989,10077,10058,10217,10201,118727,1997
6,447,Gasoline stations,16938,16984,16969,16613,16367,16378,16396,16682,16757,16711,16638,16536,199969,1997
7,448,Clothing and clothing access. stores,11513,11468,11623,11195,11413,11643,11735,11828,11845,11881,11936,12110,140190,1997
8,451,"Sporting goods, hobby, musical instrument, and book stores",4748,4666,4698,4725,4763,4838,4786,4745,4827,4878,5015,4915,57604,1997
9,722,Food services and drinking places,21110,21136,21171,21216,21230,21382,21689,21674,21986,21758,21504,21818,257674,1997
0,441,Motor vehicle and parts dealers,55494,54841,56135,57464,57882,59264,56320,54997,57196,59294,59817,60473,689177,1998
1,442,Furniture and home furnishings stores,6377,6342,6340,6369,6359,6426,6447,6444,6419,6504,6666,6687,77380,1998
2,443,Electronics and appliance stores,6776,6797,6788,6766,6829,6921,6960,7047,6954,6940,7000,6964,82742,1998
3,444,Building mat. and garden equip. and supplies dealers,16436,16462,16511,16716,16741,16662,16819,16828,16972,17209,17341,17702,202399,1998
4,445,Food and beverage stores,34126,34102,34275,34374,34534,34592,34856,34950,34916,35093,35140,35533,416491,1998
5,446,Health and personal care stores,10382,10406,10393,10620,10645,10672,10828,11019,10985,11106,11232,11311,129599,1998
6,447,Gasoline stations,16225,16054,15703,15798,16057,15933,16087,15851,15812,15948,16014,16399,191881,1998
7,448,Clothing and clothing access. stores,12154,12199,12164,12459,12304,12447,12559,12460,12180,12540,12736,12746,148948,1998
8,451,"Sporting goods, hobby, musical instrument, and book stores",4834,5027,5008,5036,4986,5083,5032,5057,5047,5108,5093,5154,60465,1998
9,722,Food services and drinking places,21921,22132,22251,22353,22436,22634,22570,22743,22830,23066,23157,23351,271444,1998
0,441,Motor vehicle and parts dealers,60535,61260,61641,62150,63211,63452,64509,65713,65150,64519,66269,65909,764318,1999
1,442,Furniture and home furnishings stores,6617,6767,6831,6794,6884,6986,6954,7147,7292,7324,7272,7246,84114,1999
2,443,Electronics and appliance stores,7000,7024,7116,7195,7230,7286,7378,7281,7410,7400,7350,7498,87168,1999
3,444,Building mat. and garden equip. and supplies dealers,17732,17943,17760,17791,17914,17969,18183,18341,18175,18606,18944,19125,218483,1999
4,445,Food and beverage stores,35447,35707,35652,36013,36060,35872,36126,36117,36411,36271,36300,37665,433641,1999
5,446,Health and personal care stores,11415,11498,11595,11619,11741,11837,11857,11848,11993,12155,12258,12801,142617,1999
6,447,Gasoline stations,16394,16309,16529,17115,17186,17070,17704,18135,18339,18632,18992,20095,212500,1999
7,448,Clothing and clothing access. stores,12897,12920,13075,13139,13373,13373,13270,13404,13381,13400,13416,13573,159221,1999
8,451,"Sporting goods, hobby, musical instrument, and book stores",5122,5292,5273,5277,5328,5367,5326,5290,5385,5373,5414,5455,63902,1999
9,722,Food services and drinking places,22871,23270,23250,23440,23500,23546,23508,23664,23836,24265,24421,24378,283949,1999
0,441,Motor vehicle and parts dealers,67679,69085,68433,65812,65781,66638,65205,65311,66850,66208,64645,63524,795171,2000
1,442,Furniture and home furnishings stores,7484,7548,7599,7729,7673,7593,7748,7682,7665,7737,7580,7160,91198,2000
2,443,Electronics and appliance stores,7605,7674,7652,7813,7611,7435,7397,7440,7588,7416,7392,7346,90369,2000
3,444,Building mat. and garden equip. and supplies dealers,19613,19193,20175,18986,18941,18878,18982,18951,18926,18965,18689,19356,229655,2000
4,445,Food and beverage stores,35613,35980,36559,37008,36717,37175,37038,37110,37308,37476,37700,38033,443717,2000
5,446,Health and personal care stores,12381,12386,12580,12733,12814,12864,12967,13034,13233,13302,13340,13527,155161,2000
6,447,Gasoline stations,19358,20214,20819,19907,20242,20885,20905,20574,21327,21412,21906,22124,249673,2000
7,448,Clothing and clothing access. stores,13301,13532,13818,13801,14027,13864,13722,14072,14366,14231,14294,14084,167112,2000
8,451,"Sporting goods, hobby, musical instrument, and book stores",5232,5541,5635,5649,5757,5686,5800,5633,5728,5626,5615,5601,67503,2000
9,722,Food services and drinking places,24608,24887,25367,25215,25193,25262,25454,25342,25711,25706,25698,25133,303576,2000
0,441,Motor vehicle and parts dealers,65926,66188,65671,66933,67039,66710,66067,66350,63929,80455,72413,68220,815901,2001
1,442,Furniture and home furnishings stores,7764,7611,7549,7560,7559,7613,7671,7628,7419,7543,7694,7869,91480,2001
2,443,Electronics and appliance stores,7376,7334,7267,7212,7135,7246,7298,7276,7141,7237,7662,7825,88009,2001
3,444,Building mat. and garden equip. and supplies dealers,19248,19698,19562,20373,20147,19900,19838,19920,19664,20054,19982,20120,238506,2001
4,445,Food and beverage stores,37903,38252,38133,38369,38439,38569,38506,38738,38832,38944,39161,38996,462842,2001
5,446,Health and personal care stores,13413,13582,13650,13643,13812,13843,13879,14004,13894,14298,14280,14350,166648,2001
6,447,Gasoline stations,21931,21615,20652,21618,22628,21928,20686,20878,21336,20033,19245,18950,251500,2001
7,448,Clothing and clothing access. stores,14135,14166,13801,14217,13950,13804,13994,14171,13286,13973,13970,14126,167593,2001
8,451,"Sporting goods, hobby, musical instrument, and book stores",5386,5715,5723,5658,5679,5621,5703,5775,5672,5798,6066,5797,68593,2001
9,722,Food services and drinking places,26180,26069,26122,26045,26278,26379,26507,26853,26239,26541,26597,27156,316966,2001
0,441,Motor vehicle and parts dealers,67665,68168,66570,68251,65062,67354,69944,72204,68066,67553,67931,69794,818562,2002
1,442,Furniture and home furnishings stores,7847,7932,7936,7874,7959,7831,7741,7837,7832,7789,7963,7927,94468,2002
2,443,Electronics and appliance stores,7604,7643,7690,7616,7678,7656,7543,7520,7511,7522,7545,7660,91188,2002
3,444,Building mat. and garden equip. and supplies dealers,20359,20515,20370,21274,20874,20725,20674,20683,20732,20603,20969,20415,248193,2002
4,445,Food and beverage stores,38833,38885,38913,38568,38713,38723,38834,38647,38599,38693,38886,39072,465366,2002
5,446,Health and personal care stores,14525,14747,14745,14940,14903,14947,15004,15120,15288,15298,15348,15293,180158,2002
6,447,Gasoline stations,19130,19068,19813,20856,20930,20733,21438,21182,21272,21659,22009,22464,250554,2002
7,448,Clothing and clothing access. stores,14220,14357,14436,14410,14220,14366,14200,14338,13966,14625,14456,14714,172308,2002
8,451,"Sporting goods, hobby, musical instrument, and book stores",5775,5711,5717,5799,5731,5670,5666,5689,5852,5839,5985,5809,69243,2002
9,722,Food services and drinking places,27201,27384,27203,27500,27378,27586,27616,27607,27784,27623,27916,28017,330815,2002
0,441,Motor vehicle and parts dealers,69673,66535,68628,69580,69660,70325,71049,72919,71184,69817,71738,70103,841211,2003
1,442,Furniture and home furnishings stores,7824,7501,7854,7895,8062,8084,8115,8156,8214,8244,8358,8312,96619,2003
2,443,Electronics and appliance stores,7439,7354,7364,7440,7563,7650,7731,7914,7909,7984,8030,8127,92505,2003
3,444,Building mat. and garden equip. and supplies dealers,21270,20041,21326,21139,21328,22003,22372,22489,22630,22869,22864,22748,263079,2003
4,445,Food and beverage stores,39412,39285,39318,39441,39019,39480,39808,39833,39878,39776,39631,39809,474690,2003
5,446,Health and personal care stores,15441,15534,15677,15705,15791,15934,16182,16345,16339,16434,16500,16648,192530,2003
6,447,Gasoline stations,23073,23885,23968,22581,21810,21777,22196,23073,23214,22714,23472,23994,275757,2003
7,448,Clothing and clothing access. stores,14565,14142,14465,14434,14651,14894,15141,15089,15175,15067,15338,15456,178417,2003
8,451,"Sporting goods, hobby, musical instrument, and book stores",5794,5576,5660,5709,5748,5908,5808,6132,5954,5841,6011,6013,70154,2003
9,722,Food services and drinking places,28018,27979,28505,28403,29048,29230,29395,29844,29503,30045,30229,29795,349994,2003
0,441,Motor vehicle and parts dealers,69270,71093,72137,69960,72821,68991,71238,71365,74729,73858,73407,75387,864256,2004
1,442,Furniture and home furnishings stores,8307,8375,8585,8519,8389,8572,8868,8675,8604,8806,8722,8905,103327,2004
2,443,Electronics and appliance stores,8104,8080,8117,8218,8241,8297,8337,8335,8422,8494,8479,8513,99637,2004
3,444,Building mat. and garden equip. and supplies dealers,22637,22727,24992,24565,24420,24622,24538,24713,25045,24842,24974,25679,293754,2004
4,445,Food and beverage stores,40443,39922,40419,40399,40635,40608,40631,40771,41045,41177,41404,41534,488988,2004
5,446,Health and personal care stores,16287,16133,16526,16476,16462,16570,16554,16610,16635,16739,16813,16882,198687,2004
6,447,Gasoline stations,24889,25256,25679,25518,27011,27050,26745,26552,27161,28656,29349,29046,322912,2004
7,448,Clothing and clothing access. stores,15513,15687,15984,15567,15736,15555,15645,15660,15764,16055,16044,16183,189393,2004
8,451,"Sporting goods, hobby, musical instrument, and book stores",6087,6093,6067,5941,5985,6017,6124,6192,6111,6094,6140,6122,72973,2004
9,722,Food services and drinking places,30341,30461,30703,30560,30712,30825,31191,31036,31430,31625,31659,32111,372654,2004
0,441,Motor vehicle and parts dealers,72083,73773,74147,73649,73225,79639,81605,73787,70627,67853,73211,73332,886931,2005
1,442,Furniture and home furnishings stores,8856,8908,8840,8994,8963,9093,9084,9193,9244,9315,9319,9260,109069,2005
2,443,Electronics and appliance stores,8555,8765,8784,8820,8775,8828,8877,8868,8955,9047,8965,8889,106128,2005
3,444,Building mat. and garden equip. and supplies dealers,26126,25797,26219,26520,26510,26569,26538,26814,27111,27664,27674,27324,320866,2005
4,445,Food and beverage stores,41691,41757,41800,42283,42081,42363,42184,42542,42845,42842,42823,43191,508402,2005
5,446,Health and personal care stores,17116,17292,17245,17350,17413,17392,17635,17548,17707,17742,17859,18005,210304,2005
6,447,Gasoline stations,28375,29015,29498,30009,29140,29889,30976,33399,36116,35911,33185,33154,378667,2005
7,448,Clothing and clothing access. stores,16125,16674,16293,16636,16514,16824,16450,16759,16450,17120,17142,17207,200194,2005
8,451,"Sporting goods, hobby, musical instrument, and book stores",6192,6269,6137,6318,6232,6135,6239,6274,6155,6377,6287,6462,75077,2005
9,722,Food services and drinking places,32000,32469,32273,32823,32746,33009,33056,33261,33283,33618,34022,33932,396492,2005
0,441,Motor vehicle and parts dealers,76757,74108,74609,74898,74081,75369,75964,75187,74579,75447,76064,75438,902501,2006
1,442,Furniture and home furnishings stores,9561,9439,9431,9402,9368,9485,9442,9422,9549,9375,9311,9334,113119,2006
2,443,Electronics and appliance stores,9395,9101,9185,9165,9132,9130,9126,9124,9158,8953,9158,9478,110105,2006
3,444,Building mat. and garden equip. and supplies dealers,29686,29479,29289,28905,27864,27339,27327,27358,26994,27161,26647,27100,335149,2006
4,445,Food and beverage stores,42681,43379,43233,43269,43654,43782,43827,44160,43846,44542,44572,44730,525675,2006
5,446,Health and personal care stores,18000,18124,18222,18294,18466,18584,18640,18757,18933,19044,19276,19385,223725,2006
6,447,Gasoline stations,34298,34174,34195,35646,36159,36228,36963,37696,34935,32912,33322,34895,421423,2006
7,448,Clothing and clothing access. stores,17331,17384,17385,17542,17492,17701,17691,17635,18256,18126,17910,18497,212950,2006
8,451,"Sporting goods, hobby, musical instrument, and book stores",6735,6629,6610,6580,6503,6524,6461,6412,6690,6589,6461,6566,78760,2006
9,722,Food services and drinking places,34983,34535,34796,34862,34910,34695,34802,35367,35725,35784,35923,36881,423263,2006
0,441,Motor vehicle and parts dealers,75399,75841,75472,76205,77186,74794,74932,76549,77176,77617,75921,73345,910437,2007
1,442,Furniture and home furnishings stores,9609,9369,9406,9430,9331,9264,9315,9300,9141,9142,9094,9009,111410,2007
2,443,Electronics and appliance stores,9229,9123,9026,9008,9090,9023,9088,9274,9174,9293,9562,9368,110258,2007
3,444,Building mat. and garden equip. and supplies dealers,27533,27088,27506,26610,27144,26638,26860,26625,26412,26248,26566,25634,320864,2007
4,445,Food and beverage stores,44856,45274,45271,44988,45454,45627,45754,45643,45853,46113,46624,46831,548288,2007
5,446,Health and personal care stores,19423,19401,19540,19572,19650,19880,19831,20014,20132,19988,19938,19825,237194,2007
6,447,Gasoline stations,34244,34932,35999,36350,37996,37310,36963,37223,38210,39307,41985,41593,452112,2007
7,448,Clothing and clothing access. stores,18493,18144,18643,18189,18545,18388,18522,18491,18412,18431,18759,18570,221587,2007
8,451,"Sporting goods, hobby, musical instrument, and book stores",6489,6494,6779,6640,6805,6850,6936,6780,6749,6834,6940,6756,81052,2007
9,722,Food services and drinking places,36435,36053,36579,36627,36732,37078,37272,37189,37427,37759,37727,38109,444987,2007
0,441,Motor vehicle and parts dealers,73834,72206,71774,70052,69143,67161,64397,64985,62549,56599,54984,54123,781807,2008
1,442,Furniture and home furnishings stores,8873,8594,8631,8606,8587,8473,8369,8154,7722,7735,7640,7460,98844,2008
2,443,Electronics and appliance stores,9175,9196,9171,9286,9530,9305,9329,9201,8814,8732,8737,8351,108827,2008
3,444,Building mat. and garden equip. and supplies dealers,25721,25659,25456,25292,25650,25700,25897,25329,25217,24568,23196,22909,300594,2008
4,445,Food and beverage stores,46862,46707,46883,47356,47355,47568,47845,47988,47740,47703,47363,46942,568312,2008
5,446,Health and personal care stores,20120,20279,20288,20172,20536,20497,20640,20620,20654,20659,20789,20682,245936,2008
6,447,Gasoline stations,42423,42504,43044,42933,44344,46547,46813,45645,45777,40584,31776,27999,500389,2008
7,448,Clothing and clothing access. stores,18542,18280,18338,18384,18642,18708,18635,18524,17560,17317,17173,16868,216971,2008
8,451,"Sporting goods, hobby, musical instrument, and book stores",6818,6751,6733,6809,6949,6879,6858,6931,6536,6426,6431,6470,80591,2008
9,722,Food services and drinking places,37824,37249,37552,37729,38089,38144,38267,38239,38386,38120,38018,38066,455683,2008
0,441,Motor vehicle and parts dealers,55790,54188,53100,53557,54089,56611,57748,62263,53534,56469,57355,57079,671783,2009
1,442,Furniture and home furnishings stores,7363,7285,7041,7067,7087,7092,7039,6991,6981,6915,6991,7024,84876,2009
2,443,Electronics and appliance stores,8884,8844,8099,8049,8026,8039,7965,8000,7965,7920,8208,8068,98067,2009
3,444,Building mat. and garden equip. and supplies dealers,22758,22498,22149,22092,22310,22332,21883,21474,21363,20661,20931,20849,261300,2009
4,445,Food and beverage stores,47639,46928,46912,47133,47219,47350,47330,47309,47559,47603,47689,48134,568805,2009
5,446,Health and personal care stores,20753,20906,20908,21059,21121,21055,21027,21070,21231,21278,21288,21195,252891,2009
6,447,Gasoline stations,28818,29860,28825,28747,30488,33375,33066,34658,34800,34885,36573,37182,391277,2009
7,448,Clothing and clothing access. stores,17159,17401,16510,16900,17038,16817,17015,17233,17172,17296,17105,17127,204773,2009
8,451,"Sporting goods, hobby, musical instrument, and book stores",6661,6535,6360,6514,6453,6473,6455,6628,6484,6408,6307,6523,77801,2009
9,722,Food services and drinking places,38256,37945,37447,37738,37755,37714,37715,37645,37474,37500,37700,37659,452548,2009
0,441,Motor vehicle and parts dealers,56920,55856,60953,61823,61617,61478,62510,62551,63136,64805,65498,65244,742391,2010
1,442,Furniture and home furnishings stores,7011,7123,7235,7121,7117,7072,7094,7130,7108,7039,7104,7062,85216,2010
2,443,Electronics and appliance stores,8232,8482,8122,8289,8366,8492,8361,8329,8383,8265,8114,8285,99720,2010
3,444,Building mat. and garden equip. and supplies dealers,20566,20448,21883,23518,21742,21544,21499,21268,21336,22040,21964,22099,259907,2010
4,445,Food and beverage stores,47877,48705,48274,48205,48202,47914,47919,48258,48631,48575,49136,49157,580853,2010
5,446,Health and personal care stores,21144,21199,21363,21492,21378,21683,21755,21841,21933,22105,22180,22312,260385,2010
6,447,Gasoline stations,37358,36950,37160,37182,36537,35809,35731,36189,37319,38519,39272,41279,449305,2010
7,448,Clothing and clothing access. stores,17346,17362,17880,17728,17612,17532,17552,17672,17670,17984,18510,18212,213060,2010
8,451,"Sporting goods, hobby, musical instrument, and book stores",6555,6404,6494,6445,6460,6504,6495,6532,6462,6533,6671,6584,78139,2010
9,722,Food services and drinking places,37660,38267,38339,38658,38659,38877,39033,39402,39385,39479,39710,39508,466977,2010
0,441,Motor vehicle and parts dealers,66286,67320,67587,66876,65855,66654,66429,65792,68823,69812,70293,71614,813341,2011
1,442,Furniture and home furnishings stores,6992,7145,7397,7321,7245,7227,7263,7333,7384,7303,7385,7530,87525,2011
2,443,Electronics and appliance stores,8218,8347,8442,8529,8416,8430,8557,8615,8493,8795,8638,8462,101942,2011
3,444,Building mat. and garden equip. and supplies dealers,21484,21193,21863,22066,22324,22720,22761,22786,22637,23242,22904,23447,269427,2011
4,445,Food and beverage stores,49682,50070,50075,50805,50427,50940,50948,51177,51047,51334,51435,51185,609125,2011
5,446,Health and personal care stores,22579,22451,22584,22448,22585,22630,22728,22822,22718,22783,22782,22717,271827,2011
6,447,Gasoline stations,41732,42294,43737,44604,45300,44698,44712,45159,45127,44846,45622,45243,533074,2011
7,448,Clothing and clothing access. stores,18322,18532,18719,18923,18864,19179,18975,18911,19508,19086,19370,19526,227915,2011
8,451,"Sporting goods, hobby, musical instrument, and book stores",6544,6620,6644,6637,6557,6592,6435,6655,6693,6535,6501,6327,78740,2011
9,722,Food services and drinking places,39658,40382,40536,40624,41050,41540,41516,41718,42013,42204,42237,41864,495342,2011
0,441,Motor vehicle and parts dealers,71646,72589,72775,72871,73572,72581,73004,73859,75275,74807,75763,76859,885601,2012
1,442,Furniture and home furnishings stores,7637,7627,7587,7510,7645,7552,7650,7600,7614,7416,7641,7959,91438,2012
2,443,Electronics and appliance stores,8513,8529,8698,8559,8704,8668,8750,8656,8619,8350,8660,8800,103506,2012
3,444,Building mat. and garden equip. and supplies dealers,23618,23573,24570,23390,22748,22571,22697,23075,23696,23820,24108,24130,281996,2012
4,445,Food and beverage stores,51540,51662,52112,52299,52284,52212,52276,52295,52506,52860,52750,52593,627389,2012
5,446,Health and personal care stores,22857,23022,22967,23021,22883,22471,22770,22763,22608,22482,22684,22940,273468,2012
6,447,Gasoline stations,45702,47171,47448,46913,45808,43811,43484,46434,46966,48212,46822,45787,554558,2012
7,448,Clothing and clothing access. stores,19615,20148,20035,19519,19679,19874,19741,19939,20093,19935,20020,20168,238766,2012
8,451,"Sporting goods, hobby, musical instrument, and book stores",6625,6748,6902,6859,6877,6797,6798,6692,6677,6695,6681,6790,81141,2012
9,722,Food services and drinking places,42766,42995,42942,43365,43313,43584,43676,43755,44085,43796,44567,44494,523338,2012
0,441,Motor vehicle and parts dealers,77647,78801,77922,78227,79398,81090,81458,81154,79638,81123,81678,80982,959118,2013
1,442,Furniture and home furnishings stores,7906,7850,7851,7806,7741,7956,7937,7982,8049,8132,8217,7899,95326,2013
2,443,Electronics and appliance stores,8828,8904,8674,8741,8746,8760,8708,8710,8654,8771,8651,8608,104755,2013
3,444,Building mat. and garden equip. and supplies dealers,24402,24824,24800,24964,25449,24969,25572,25533,25519,25155,25112,25261,301560,2013
4,445,Food and beverage stores,52646,53203,53071,52682,53195,53155,53553,53665,53741,53867,53945,54524,641247,2013
5,446,Health and personal care stores,23230,23093,23146,23065,23201,23196,23464,23506,23914,23933,23990,24000,281738,2013
6,447,Gasoline stations,45970,48895,47392,45918,45341,45441,45706,45216,45290,44547,44267,46125,550108,2013
7,448,Clothing and clothing access. stores,20415,20281,20283,20487,20356,20325,20550,20280,20284,20759,20216,20559,244795,2013
8,451,"Sporting goods, hobby, musical instrument, and book stores",7037,7024,6900,6812,6866,6916,6940,6777,6880,6871,6895,6871,82789,2013
9,722,Food services and drinking places,45187,44861,45042,44711,44842,44680,44987,45089,45377,45924,46689,46357,543746,2013
0,441,Motor vehicle and parts dealers,78622,81101,83884,85412,85579,85582,86008,86845,85954,86269,87305,86863,1019424,2014
1,442,Furniture and home furnishings stores,7760,8048,8186,8297,8276,8296,8303,8447,8405,8416,8532,8641,99607,2014
2,443,Electronics and appliance stores,8647,8677,8716,8696,8588,8526,8598,8684,8880,8835,9040,9025,104912,2014
3,444,Building mat. and garden equip. and supplies dealers,25206,25157,25600,26530,26789,26971,26478,27015,26981,26924,27097,26792,317540,2014
4,445,Food and beverage stores,54708,54681,54803,55143,55366,55863,56036,56183,56349,56620,56599,56932,669283,2014
5,446,Health and personal care stores,24027,24158,24293,24553,24894,25076,25142,25254,25374,25289,25430,25588,299078,2014
6,447,Gasoline stations,46564,46981,46219,46508,46103,45084,45127,45150,44682,43774,42780,39738,538710,2014
7,448,Clothing and clothing access. stores,20475,20479,20594,21115,20686,20750,20866,20978,20779,21073,21297,21237,250329,2014
8,451,"Sporting goods, hobby, musical instrument, and book stores",6485,6804,6811,6931,6913,6975,6962,7174,7075,7173,7139,7051,83493,2014
9,722,Food services and drinking places,45966,46418,47057,47142,47492,47752,48065,48346,48929,49590,49598,50379,576734,2014
0,441,Motor vehicle and parts dealers,88050,86646,90091,90759,91620,91594,91574,92241,92696,92334,92913,92561,1093079,2015
1,442,Furniture and home furnishings stores,8619,8424,8668,8788,8965,8796,8949,8977,8976,9036,9045,9188,106431,2015
2,443,Electronics and appliance stores,8876,8737,8543,8630,8694,8848,8659,8652,8685,8612,8453,8470,103859,2015
3,444,Building mat. and garden equip. and supplies dealers,27098,26106,27110,27335,27381,27188,27944,28021,27855,28021,28322,28880,331261,2015
4,445,Food and beverage stores,56911,56975,56967,56862,56943,57209,57369,57410,57254,57018,57450,57311,685679,2015
5,446,Health and personal care stores,25818,25617,26190,25832,25830,25984,26283,26440,26780,26578,26701,26985,315038,2015
6,447,Gasoline stations,35811,37026,37522,36959,38339,38866,39299,38079,35913,35460,35019,34829,443122,2015
7,448,Clothing and clothing access. stores,20934,21195,21304,21356,21520,21299,21474,21481,21353,21119,21302,21405,255742,2015
8,451,"Sporting goods, hobby, musical instrument, and book stores",6934,6967,7063,7071,7111,7101,7152,7189,7225,7129,7254,7401,85597,2015
9,722,Food services and drinking places,50698,50547,50932,51614,51688,51732,52098,52442,52386,52730,52985,53855,623707,2015
0,441,Motor vehicle and parts dealers,92466,94522,92472,93273,93363,93812,95319,95667,96275,96440,96066,98489,1138164,2016
1,442,Furniture and home furnishings stores,9110,9153,9082,9101,9130,9280,9214,9199,9444,9261,9222,9119,110315,2016
2,443,Electronics and appliance stores,8332,8448,8289,8293,8349,8335,8398,8517,8207,8097,7919,8110,99294,2016
3,444,Building mat. and garden equip. and supplies dealers,29042,29080,29809,28848,28366,29150,28914,28860,29026,29134,29339,29384,348952,2016
4,445,Food and beverage stores,57530,57559,57058,57699,57921,58301,57979,58236,58474,58745,58819,58943,697264,2016
5,446,Health and personal care stores,26840,27344,27211,27426,27350,27567,27519,27371,27404,26558,26756,26890,326236,2016
6,447,Gasoline stations,33428,31844,33034,33935,34692,35668,35309,34430,35271,36158,35911,37553,417233,2016
7,448,Clothing and clothing access. stores,21212,21828,21399,21341,21501,21584,21406,21731,21770,21561,21464,21742,258539,2016
8,451,"Sporting goods, hobby, musical instrument, and book stores",7340,7320,7306,7231,7288,7582,7214,7050,7066,7090,6962,7077,86526,2016
9,722,Food services and drinking places,53176,54270,53894,54182,54206,54300,54339,54763,55359,55292,56290,55337,655408,2016
0,441,Motor vehicle and parts dealers,98355,97421,95311,96510,96852,97717,97695,95872,100247,101069,100071,99812,1176932,2017
1,442,Furniture and home furnishings stores,9386,9395,9443,9360,9404,9458,9417,9471,9473,9658,9747,9688,113900,2017
2,443,Electronics and appliance stores,8222,8145,8358,8423,8306,8248,8164,8173,8275,8327,8437,8417,99495,2017
3,444,Building mat. and garden equip. and supplies dealers,30124,30305,30107,30470,30023,29997,30188,30286,31302,30835,31160,31254,366051,2017
4,445,Food and beverage stores,59130,59402,59841,60057,60257,60104,60232,60592,61207,61465,61705,62339,726331,2017
5,446,Health and personal care stores,26978,27221,27446,27593,27652,27897,27864,28108,28166,28339,28257,28205,333726,2017
6,447,Gasoline stations,38098,38230,37865,37581,36163,35442,35459,36556,38703,38907,40242,41161,454407,2017
7,448,Clothing and clothing access. stores,21672,21225,21437,21475,21304,21499,21453,21596,21611,21650,21901,21682,258505,2017
8,451,"Sporting goods, hobby, musical instrument, and book stores",7276,7085,7026,7080,6992,7029,6890,6945,7020,7070,7170,7005,84588,2017
9,722,Food services and drinking places,57377,57396,57279,57396,57453,57374,57464,57648,58127,58408,59063,59274,694259,2017
0,441,Motor vehicle and parts dealers,99973,98816,99306,99932,100473,100470,100876,99443,99856,101219,102032,102467,1204863,2018
1,442,Furniture and home furnishings stores,9698,9698,9740,9951,9773,9781,9778,9704,9741,9674,9652,9569,116759,2018
2,443,Electronics and appliance stores,8469,8563,8488,8608,8531,8575,8473,8490,8361,8397,8317,8209,101481,2018
3,444,Building mat. and garden equip. and supplies dealers,30677,31275,30920,30937,31543,31958,31978,31600,31655,32067,31414,31552,377576,2018
4,445,Food and beverage stores,62028,62203,62413,62760,62867,62813,63217,63028,63294,63565,63601,63431,755220,2018
5,446,Health and personal care stores,28320,28003,28213,28413,28939,28501,28857,28955,28925,29221,29389,28295,344031,2018
6,447,Gasoline stations,41731,42065,41624,41559,42470,42919,43095,43571,43156,45208,43364,40726,511488,2018
7,448,Clothing and clothing access. stores,21923,22369,21882,22295,23048,22683,23021,22444,22512,22804,22858,22635,270474,2018
8,451,"Sporting goods, hobby, musical instrument, and book stores",6824,7067,7118,6967,6966,6689,6533,6438,6406,6410,6382,6177,79977,2018
9,722,Food services and drinking places,59755,60058,60481,59895,61390,62184,62777,63377,62107,62338,61941,61876,738179,2018
